username,password,firstname,lastname,email,phoneNum
DustyOregeno,MTwU7b,Dean,Orrell,DustyOregeno@email.com,202-555-0194
BuckleKuckle,wKDq6F,Brandit,Kole,BuckleKuckle@email.com,202-555-0169
ApacalypseMartyr,5WVZgy,Alycia,Mort,ApacalypseMartyr@email.com,303-350-7462
AllCool,5EdcHX,Arron,Christholm,AllCool@email.com,347-618-5679
AshamedWallnut,V5QBnF,Alma,Wilbur,AshamedWallnut@email.com,318-258-8647
EditedWalker,g7RyzE,Elyse,Woody,EditedWalker@email.com,618-342-1938
RisenTalker,9D4zgz,Rita,Tyrone,RisenTalker@email.com,661-538-8255
BahefulExpert,EhRL8c,Buddy,Essence,BahefulExpert@email.com,360-735-4402
CommunistKilljoy,QpG8Ga,Christine,Kaeden,CommunistKilljoy@email.com,713-815-9851
KrampusDeject,4Bd7eX,Kameron,Dorretta,KrampusDeject@email.com,414-758-1868
BrusqueJanitor,3pwQ7Y,Bristol,Jason,BrusqueJanitor@email.com,205-913-1518
AquaticMummy,eeKs2R,Alger,Makayla,AquaticMummy@email.com,561-275-0896
LoralMockups,A5Rc2d,Lorettal,Mortemer,LoralMockups@email.com,314-660-2421
StupidMarxist,55jnDN,Stefani,Mortemer,StupidMarxist@email.com,618-779-5115
EvillPotter,QDL5zw,Evelyn,Phebe,EvillPotter@email.com,661-859-1580
ArenoidSubject,4Ljp8A,Annie,Stacey,ArenoidSubject@email.com,256-867-3904
KindMeddler,2vDXwz,Kelsi,Moria,KindMeddler@email.com,828-245-5448
TakenProctor,L3uNWJ,Tamara,Phil,TakenProctor@email.com,760-367-6794
ToxicAbjured,raTU8F,Tracie,Amilia,ToxicAbjured@email.com,218-538-2551
LyminalTaxing,cm3Uvf,Lynnette,Tristen,LyminalTaxing@email.com,361-576-4676
UltimatumHero,3xkDtB,Urbana,Herminia,UltimatumHero@email.com,213-200-4930
GlossyLier,7fvMEg,Grover,Lynette,GlossyLier@email.com,574-505-8933
ExoticPeacock,8NnaMV,Elosia,Philippa,ExoticPeacock@email.com,317-364-2622
AmorphusAlchemy,s9ThhY,Avice,Amyletta,AmorphusAlchemy@email.com,660-553-9208
DazedDuck,7gnHVe,Doris,Danica,DazedDuck@email.com,417-737-6552
ExemptJabberwocky,k27hQk,Eula,Jayla,ExemptJabberwocky@email.com,832-570-7255
AllEtudes,9LKx6j,Alexandra,Eladio,AllEtudes@email.com,661-859-1580
SubtleAroma,dPve9g,Sandie,Alene,SubtleAroma@email.com,256-867-3904
DilapidatedIsotope,Zs4JuS,Dayna,Issy,DilapidatedIsotope@email.com,828-245-5448
GreenJuggleer,4aMhRW,Grabriella,Jasia,GreenJuggleer@email.com,760-367-6794
TatteredTaker,DT9jwc,Terenzio,Tucker,TatteredTaker@email.com,419-482-3356
ShatteredGardener,Eqk6Jz,Shelton,Gwen,ShatteredGardener@email.com,850-492-7390
ZaggingZeebra,S5gw9J,Zachery,Zachariah,ZaggingZeebra@email.com,337-678-2173
EndlessOrchid,UW2wmV,Erica,Oli,EndlessOrchid@email.com,719-302-3011
YodelingKench,Y6naVA,Yolanda,Kathleen,YodelingKench@email.com,703-579-6450
NeatCutter,7adYrQ,Nate,Charley,NeatCutter@email.com,214-855-9728
AloofVindicator,jRBa7j,Amatore,Valentine,AloofVindicator@email.com,559-536-7723
JadeReject,xy49GJ,Jacinda,Raegan,JadeReject@email.com,213-200-9777
GreatDaedalus,2mfGQB,George,Dorretta,GreatDaedalus@email.com,909-827-6166
KineticArmorer,we5Eme,Kristie,Ambrose,KineticArmorer@email.com,440-539-5487
